0,Thu Oct  2 12:23:38 UTC 2025,mntabcl0
0,Thu Oct  2 12:25:18 UTC 2025,mntabcl0
0,Thu Oct  2 12:25:35 UTC 2025,mntabcl0
0,Thu Oct  2 12:27:26 UTC 2025,mntabcl0
0,Thu Oct  2 12:28:16 UTC 2025,mntabcl0
0,Thu Oct  2 12:28:42 UTC 2025,mntabcl0
0,Thu Oct  2 13:01:45 UTC 2025,mntabcl0
0,Thu Oct  2 13:05:29 UTC 2025,mntabcl0
0,Thu Oct  2 13:12:24 UTC 2025,mntabcl0
0,Thu Oct  2 13:13:31 UTC 2025,mntabcl0
0,Thu Oct  2 13:26:48 UTC 2025,mntabcl0
0,Thu Oct  2 16:38:59 UTC 2025,mntabcl0
0,Thu Oct  2 16:41:56 UTC 2025,mntabcl0
0,Thu Oct  2 16:43:58 UTC 2025,mntabcl0
0,Thu Oct  2 16:45:07 UTC 2025,mntabcl0
0,Thu Oct  2 16:48:20 UTC 2025,mntabcl0
0,Thu Oct  2 16:49:53 UTC 2025,mntabcl0
0,Thu Oct  2 16:52:00 UTC 2025,mntabcl0
0,Thu Oct  2 16:53:23 UTC 2025,mntabcl0
0,Thu Oct  2 16:58:59 UTC 2025,mntabcl0
0,Thu Oct  2 17:03:43 UTC 2025,mntabcl0
0,Thu Oct  2 17:05:40 UTC 2025,mntabcl0
0,Thu Oct  2 17:08:55 UTC 2025,mntabcl0
0,Thu Oct  2 17:09:33 UTC 2025,mntabcl0
0,Thu Oct  2 17:10:42 UTC 2025,mntabcl0
0,Thu Oct  2 17:15:45 UTC 2025,mntabcl0
0,Thu Oct  2 17:24:55 UTC 2025,mntabcl0
0,Thu Oct  2 17:25:26 UTC 2025,mntabcl0
0,Thu Oct  2 17:26:49 UTC 2025,mntabcl0
0,Thu Oct  2 17:29:02 UTC 2025,mntabcl0
0,Thu Oct  2 17:30:13 UTC 2025,mntabcl0
0,Thu Oct  2 17:34:44 UTC 2025,mntabcl0
0,2025-10-02,17:40:01,mntabcl0
0,2025-10-02,17:42:10,mntabcl0
0,2025-10-02,17:42:38,mntabcl0
0,2025-10-02,17:43:21,mntabcl0
0,2025-10-02,17:48:16,mntabcl0
0,2025-10-02,17:49:22,mntabcl0
0,2025-10-02,17:52:14,mntabcl0
0,2025-10-02,17:54:39,mntabcl0
0,2025-10-02,17:55:26,mntabcl0
0,2025-10-02,17:55:51,mntabcl0
0,2025-10-02,17:57:24,mntabcl0
0,2025-10-02,17:58:52,mntabcl0
0,2025-10-02,18:00:43,mntabcl0
0,2025-10-02,18:01:54,mntabcl0
0,2025-10-02,18:02:33,mntabcl0
0,2025-10-02,18:03:31,mntabcl0
0,Thu Oct  2 18:14:19 UTC 2025,mntabcl0
0,Thu Oct  2 18:18:41 UTC 2025,mntabcl0
0,Thu Oct  2 18:21:01 UTC 2025,mntabcl0
0,Thu Oct  2 18:24:59 UTC 2025,mntabcl0
